{
    "note": "THIS IS STILL IN DEVELOPMENT.",
    "games": [
        {
            "game_enabled": true,
            "game_name": "dice",
            "description": "Normal game of toss.",
            "win_probability_percentage": 10,
            "pros_and_cons": {
                "gamble_days": {
                    "user_max_days": 100,
                    "min_risk_percentage": 50,
                    "on_win": {
                        "add_days": 5
                    }
                }
            }
        }
    ]
}